label,label_cc,cent,bbox,rad,length,volume,case_id
2,1,"(-77.42014861252545, -240.30621101705702, -149.33457538406628)","(193, 138, 270, 17, 20, 8)",8.37529083036199,16.75058166072398,0.7899401222876695,litqsmall_00004
2,2,"(-139.90699084051724, -93.50700431034483, -139.44186335185486)","(122, 324, 281, 7, 6, 2)",3.004812633457795,6.00962526691559,0.04665634123491327,litqsmall_00004
2,3,"(-82.5350382760067, -155.61764628775168, -121.5265301778013)","(191, 247, 294, 8, 8, 5)",4.081339669613504,8.162679339227008,0.11985853179313927,litqsmall_00004
3,4,"(-146.46168809201623, -126.89402380751014, -164.300885481828)","(109, 275, 257, 19, 22, 9)",8.742997502779785,17.48599500555957,1.1889322818138244,litqsmall_00004
3,5,"(1.1477654408467686, -183.5351077096144, -97.49743950333385)","(285, 204, 310, 26, 25, 13)",11.884917010368223,23.769834020736447,3.1396499972390775,litqsmall_00004
2,1,"(-87.25765259502923, -85.49261010599412, -518.759610350369)","(129, 327, 299, 12, 10, 5)",5.059427865443143,10.118855730886287,0.28947053152205626,litqsmall_00016
2,2,"(-96.76056985294117, -145.02906709558823, -501.5352546607746)","(121, 259, 315, 6, 4, 2)",2.261348502995934,4.522697005991868,0.02877777213961963,litqsmall_00016
2,1,"(-41.04276529947916, 90.93036092122395, 428.144332631429)","(231, 221, 520, 10, 10, 5)",3.9161013472537824,7.832202694507565,0.09791135787963867,litqsmall_00001
3,2,"(-99.26231077574411, 148.17484569151864, 447.1434847025995)","(149, 291, 540, 25, 22, 13)",9.336882347912486,18.67376469582497,1.04351749420166,litqsmall_00001
2,1,"(-21.88110557509347, 83.84013409994863, 473.30401901525954)","(261, 167, 491, 8, 9, 5)",2.7171543744499105,5.434308748899821,0.04568752384185791,litqsmall_00000
2,2,"(-109.83043266331545, 110.02800268182008, 521.8294706564345)","(115, 210, 556, 11, 9, 5)",3.383718602711583,6.767437205423166,0.060823267936706546,litqsmall_00000
2,1,"(-103.10005040322581, -191.59677419354838, 223.83629051331553)","(101, 234, 314, 9, 8, 8)",2.9712160810011783,5.942432162002357,0.0879140625,litqsmall_00036
2,2,"(-101.41458333333334, -141.62916666666666, 252.43181837255304)","(103, 306, 352, 10, 9, 8)",3.432524808723165,6.86504961744633,0.116982421875,litqsmall_00036
2,3,"(-98.89794921875, -200.69384765625, 257.44892597198486)","(103, 217, 355, 18, 15, 13)",6.744862049182325,13.48972409836465,0.5445,litqsmall_00036
2,4,"(-95.5625, -155.625, 268.42500019073486)","(115, 288, 376, 4, 4, 2)",1.5058479753945948,3.0116959507891896,0.00992578125,litqsmall_00036
2,5,"(-88.9517295021962, -204.1742770863836, 303.5855053151858)","(121, 213, 418, 11, 12, 12)",4.624683266181588,9.249366532363176,0.2421181640625,litqsmall_00036
2,6,"(-35.111348684210526, -251.49868421052633, 316.66677650652434)","(199, 145, 436, 12, 11, 12)",4.481951653576821,8.963903307153641,0.2694140625,litqsmall_00036
2,7,"(-86.73121740547589, -211.25110006518906, 320.52555429764493)","(122, 201, 440, 15, 15, 14)",5.384892785608642,10.769785571217284,0.543791015625,litqsmall_00036
2,8,"(-12.15078232462173, -174.31677269601101, 327.9127924878463)","(228, 252, 447, 21, 20, 19)",8.534397313226048,17.068794626452096,1.2885791015625,litqsmall_00036
2,9,"(-48.38786764705881, -168.8983718487395, 329.7957985100626)","(179, 266, 456, 13, 8, 8)",4.198679107767108,8.397358215534217,0.084369140625,litqsmall_00036
2,10,"(-101.88653794402583, -221.17986410118408, 334.5356029894432)","(98, 186, 458, 18, 19, 12)",7.117869238753968,14.235738477507937,0.6586464843750001,litqsmall_00036
2,11,"(-2.420723684210543, -171.64375, 342.5763159802085)","(250, 263, 474, 5, 7, 4)",2.2213892753184887,4.4427785506369775,0.0336767578125,litqsmall_00036
2,12,"(-65.72926724137932, -217.43883620689655, 346.90965536314866)","(155, 194, 477, 11, 13, 9)",4.412340648680698,8.824681297361396,0.2570068359375,litqsmall_00036
2,13,"(-7.066739949748751, -259.40122487437185, 355.30251275354897)","(243, 135, 489, 6, 8, 7)",3.1270305902725033,6.254061180545007,0.0705439453125,litqsmall_00036
2,14,"(6.650433394160558, -196.53702098540145, 359.4194344973042)","(258, 220, 489, 15, 21, 17)",7.26641460763147,14.53282921526294,0.97130859375,litqsmall_00036
2,15,"(-13.181407232704402, -240.61772798742138, 359.682075662433)","(233, 163, 496, 8, 7, 6)",2.4352954774523767,4.8705909549047535,0.0563642578125,litqsmall_00036
2,16,"(-36.153176229508205, -221.70235655737707, 366.25137873022817)","(197, 187, 500, 13, 14, 15)",5.467678466451735,10.93535693290347,0.475728515625,litqsmall_00036
2,17,"(10.008090736294491, -213.18035964385754, 371.28349358809385)","(260, 198, 506, 21, 18, 16)",7.6092306197801625,15.218461239560325,0.8858759765625001,litqsmall_00036
2,18,"(3.8703703703703525, -237.3738425925926, 373.0916668574015)","(259, 169, 514, 5, 4, 5)",1.685473320020225,3.37094664004045,0.019142578125,litqsmall_00036
2,19,"(-62.43468533487298, -225.17761258660508, 374.56212490205127)","(158, 183, 514, 14, 12, 8)",4.846269506022132,9.692539012044264,0.1534951171875,litqsmall_00036
2,20,"(37.75121000463716, -223.86579092279155, 379.6292373806259)","(300, 180, 516, 22, 23, 17)",8.321306425375765,16.64261285075153,1.5289248046875001,litqsmall_00036
2,21,"(-76.42385563380282, -171.19542253521126, 377.8616199090447)","(142, 264, 520, 6, 7, 6)",2.4478945034457675,4.895789006891535,0.050337890625,litqsmall_00036
2,1,"(60.89485677083334, -230.54443359375, -252.10997403661412)","(351, 139, 288, 8, 11, 2)",3.337364786959493,6.674729573918986,0.05695532452882617,litqsmall_00003
2,2,"(71.61604934802159, -224.2842148156475, -233.67263517448367)","(367, 148, 303, 8, 12, 3)",3.780806783126513,7.561613566253026,0.06597325091255699,litqsmall_00003
2,3,"(-97.151904296875, -187.14990234375, -231.84997323155403)","(98, 208, 304, 9, 11, 4)",4.021596016503708,8.043192033007417,0.07594043270510156,litqsmall_00003
2,4,"(52.55838391012398, -175.3104823088843, -216.69005527378113)","(337, 228, 317, 9, 8, 3)",2.8572525835765696,5.714505167153139,0.05742995223323305,litqsmall_00003
2,5,"(-46.72973232581968, -183.57879738729508, -211.23111995321807)","(180, 215, 322, 6, 8, 2)",2.5352021435079424,5.070404287015885,0.028952289968819968,litqsmall_00003
2,6,"(-24.671484375000006, -195.940234375, -205.816493936207)","(214, 196, 326, 8, 8, 3)",2.584701299767731,5.169402599535462,0.054582186006791746,litqsmall_00003
3,1,"(-103.82681696531625, -199.92015686316944, -368.5572751880463)","(92, 223, 203, 26, 25, 20)",12.482549152946005,24.96509830589201,4.6474592987481405,litqsmall_00037
3,2,"(-111.7353515625, -177.0029296875, -377.49999022483826)","(95, 262, 205, 1, 1, 1)",0.0,0.0,0.0008582565648657692,litqsmall_00037
3,3,"(-63.268162661678986, -145.18607224353727, -260.67748237076785)","(77, 246, 253, 144, 112, 108)",66.29122045507862,132.58244091015723,607.8945423287756,litqsmall_00037
3,4,"(-71.42517956799351, -262.0894732561536, -274.5665880528066)","(129, 148, 279, 28, 28, 26)",16.57615500751212,33.15231001502424,7.0694593247993405,litqsmall_00037
3,5,"(-113.86165882310304, -191.05258617565443, -275.84909155338784)","(85, 238, 284, 16, 17, 12)",7.950079796348623,15.900159592697246,1.2951091563824457,litqsmall_00037
3,6,"(-80.4443359375, -94.9697265625, -281.499986410141)","(132, 359, 285, 1, 1, 1)",0.0,0.0,0.0008582565648657692,litqsmall_00037
3,7,"(13.517992676315117, -249.15723428880702, -232.95711001546158)","(184, 131, 299, 116, 93, 49)",50.27002990518018,100.54005981036036,172.6983859822901,litqsmall_00037
3,8,"(-6.0224609375, -141.4833984375, -255.09998536109924)","(220, 304, 307, 1, 1, 1)",0.0,0.0,0.0008582565648657692,litqsmall_00037
3,9,"(-11.0966796875, -187.9970703125, -249.09998512268066)","(214, 249, 312, 1, 1, 1)",0.0,0.0,0.0008582565648657692,litqsmall_00037
2,1,"(-58.0790955343364, -189.84167028356484, -395.42218274098855)","(173, 264, 314, 12, 11, 5)",4.572723171279519,9.145446342559039,0.2198405543899753,litqsmall_00005
2,1,"(-95.56946603457133, -56.694795632973694, 1739.958505483774)","(140, 338, 530, 7, 7, 5)",2.8137709487770026,5.627541897554005,0.03499506878481645,litqsmall_00044
2,2,"(-103.40321109857823, -184.76715899672772, 1749.815877278646)","(128, 171, 541, 13, 9, 7)",4.764045890681196,9.528091781362392,0.1292125616670146,litqsmall_00044
2,3,"(-15.699489088200806, -166.99007029082645, 1785.5058648408349)","(243, 194, 589, 7, 9, 7)",3.2109394525959627,6.421878905191925,0.09017960033010394,litqsmall_00044
2,4,"(-75.9276800280303, -187.30626614576852, 1786.331808651195)","(166, 169, 590, 7, 6, 7)",2.7082750200300247,5.4165500400600495,0.06864417338560151,litqsmall_00044
2,5,"(-54.155085033178324, -111.12189874947069, 1789.9122314453125)","(194, 267, 595, 7, 7, 6)",2.721022965006124,5.442045930012248,0.07178475648167477,litqsmall_00044
2,6,"(33.804548385714696, -144.95785267096906, 1791.8126059287836)","(305, 224, 599, 13, 8, 3)",4.783449710045443,9.566899420090886,0.05428722208926655,litqsmall_00044
2,7,"(-81.39772479094717, -104.10917787341319, 1831.800392272246)","(148, 267, 643, 27, 26, 22)",11.38709217714062,22.77418435428124,3.271590276652328,litqsmall_00044
2,8,"(-68.23845960122568, -117.78438658096175, 1835.1103217230902)","(173, 256, 654, 11, 11, 9)",5.147575583943205,10.29515116788641,0.24227355312565238,litqsmall_00044
2,1,"(23.746993336566618, -242.84563706641976, 1538.1198446584303)","(290, 135, 429, 7, 6, 4)",3.159367397456823,6.318734794913646,0.056218053921129496,litqsmall_00009
2,1,"(-119.37391690340905, -109.11786221590901, -48.536351429332456)","(69, 337, 187, 10, 11, 2)",3.6644936248977844,7.328987249795569,0.10457603454589844,litqsmall_00029
3,2,"(-88.76522396649683, -175.79403102958457, -67.8078247835644)","(111, 238, 176, 16, 17, 5)",6.3258439085303335,12.651687817060667,0.606541000366211,litqsmall_00029
3,3,"(13.797386532738102, -190.74578931051582, -2.0657020786831026)","(257, 212, 207, 20, 22, 9)",9.187668260344068,18.375336520688137,1.4973386764526369,litqsmall_00029
3,4,"(49.337486826429654, -196.664053908541, 18.582710154245262)","(312, 208, 220, 15, 15, 3)",5.629287865626031,11.258575731252062,0.32418570709228517,litqsmall_00029
3,5,"(10.365245347612387, -164.1312214712078, 21.374169510401998)","(257, 259, 222, 11, 8, 2)",3.464459076421557,6.928918152843114,0.08461151885986329,litqsmall_00029
2,1,"(-137.3134027942964, -72.20463660020857, 1692.0185999428354)","(102, 307, 545, 30, 27, 29)",14.267617001831267,28.535234003662534,5.581344684084483,litqsmall_00017
2,2,"(-121.43997167081258, -138.10100369550744, 1715.5241250797194)","(128, 244, 588, 14, 12, 5)",6.107052374649464,12.214104749298928,0.19058250140776284,litqsmall_00017
2,3,"(-5.560819974466625, -169.0139659793437, 1735.251916196166)","(254, 210, 613, 12, 10, 7)",5.235579906928739,10.471159813857478,0.15428107256818896,litqsmall_00017
2,4,"(22.033761265955803, -185.29984015806005, 1745.5156294796445)","(284, 192, 625, 10, 13, 10)",5.986519387008008,11.973038774016016,0.3532906913851386,litqsmall_00017
2,5,"(-4.523672982861825, -192.27541234447986, 1751.1705584948577)","(255, 186, 632, 10, 10, 11)",5.355092873658809,10.710185747317619,0.40968755404661944,litqsmall_00017
2,1,"(-110.36999511718749, -145.8743896484375, 870.874988630414)","(127, 239, 273, 6, 7, 3)",2.8731423704042554,5.746284740808511,0.03498068986657017,litqsmall_00046
2,2,"(-122.60132498721644, -185.4748392612263, 880.0146412806868)","(102, 177, 274, 26, 28, 17)",11.543871163815115,23.08774232763023,3.9192947938003,litqsmall_00046
2,3,"(-125.6277284810744, -118.5058949417924, 889.4836522210526)","(103, 271, 285, 15, 13, 10)",6.40685519006897,12.81371038013794,0.7003425617036237,litqsmall_00046
2,4,"(-131.35518782106163, -157.41105254708904, 898.7040993252846)","(99, 225, 296, 8, 6, 3)",3.0275241550959313,6.055048310191863,0.05319979917207547,litqsmall_00046
2,5,"(-118.84224295910494, -181.53784481095678, 909.1629531148039)","(114, 193, 303, 9, 8, 7)",4.25700385185858,8.51400770371716,0.1770897424495115,litqsmall_00046
2,6,"(-77.51117870254296, -218.82559265311602, 911.7564372463007)","(167, 144, 305, 10, 10, 6)",4.257185795289492,8.514371590578984,0.254338765904854,litqsmall_00046
2,7,"(-102.78237261730206, -127.38594265487535, 919.6392867558163)","(133, 261, 311, 13, 12, 8)",5.485410248950298,10.970820497900595,0.4970173018541846,litqsmall_00046
2,8,"(9.61268960994525, -246.54411638914235, 924.0948812561314)","(280, 110, 316, 7, 7, 5)",3.1156819452191615,6.231363890438323,0.09984071899416903,litqsmall_00046
2,9,"(32.52156929347825, -200.26634680706522, 929.2608605156775)","(311, 171, 321, 4, 4, 4)",2.1813434635457996,4.362686927091599,0.03352316112212975,litqsmall_00046
2,10,"(-96.86733041158537, -200.2481659679878, 929.7170641393196)","(142, 169, 322, 10, 8, 2)",3.5284166700359663,7.0568333400719325,0.05975867852205738,litqsmall_00046
2,11,"(-53.95826056985294, -225.9947035845588, 937.9364618834327)","(197, 136, 329, 11, 8, 2)",4.112058323619096,8.224116647238192,0.06194497163871802,litqsmall_00046
2,12,"(-80.56813401442307, -247.9885066105769, 939.7999913692474)","(164, 108, 331, 8, 7, 1)",2.836683443186452,5.673366886372904,0.028421810516588267,litqsmall_00046
2,1,"(-151.88140283482414, -146.11102454492024, 1651.8225306919644)","(96, 235, 502, 13, 12, 8)",6.1743606823735595,12.348721364747119,0.36301428839573874,litqsmall_00028
2,2,"(-137.3857452283045, -71.84903658793684, 1691.8446349457308)","(103, 307, 545, 28, 26, 29)",14.830557626027675,29.66111525205535,5.869811395398954,litqsmall_00028
2,3,"(-121.54239622973398, -138.46936189837572, 1715.1655511623476)","(130, 243, 587, 11, 13, 6)",5.872567544976904,11.745135089953807,0.1860448228028161,litqsmall_00028
2,4,"(-5.387834103751516, -169.03203470899032, 1735.377145197719)","(255, 210, 613, 10, 10, 7)",4.4098972801189245,8.819794560237849,0.1367785979491087,litqsmall_00028
2,5,"(22.07594550251963, -185.39753558039666, 1746.48056640625)","(285, 191, 630, 9, 13, 4)",5.704588518744891,11.409177037489782,0.1555775521696023,litqsmall_00028
2,6,"(-4.494406677918903, -192.3107879324483, 1751.3588265975977)","(255, 184, 634, 13, 13, 9)",6.032751475694101,12.065502951388202,0.38959212022471246,litqsmall_00028
3,1,"(-93.529296875, -170.4088712993421, -334.71964485812606)","(111, 243, 389, 10, 12, 4)",4.3689340832668755,8.737868166533751,0.15964383124701273,litqsmall_00020
3,2,"(-87.08324097102076, -198.9544698853806, -312.9249745787496)","(116, 202, 405, 15, 20, 7)",7.711814575403778,15.423629150807557,0.6070666740840353,litqsmall_00020
3,3,"(-55.399587534580675, -142.02355466474958, -305.2599175109652)","(154, 275, 411, 22, 23, 9)",9.749989153352903,19.499978306705806,1.2022300800487755,litqsmall_00020
3,4,"(-60.68605136070572, -108.91133780862654, -278.00107004794063)","(147, 318, 431, 24, 25, 14)",9.699864020707672,19.399728041415344,1.7511807980209597,litqsmall_00020
3,5,"(-66.67051565611516, -80.03524116847825, -280.847907256811)","(139, 354, 431, 23, 25, 10)",10.416263797083165,20.83252759416633,2.1096792260844266,litqsmall_00020
3,6,"(-72.09408967391305, -222.58924932065216, -274.0783656814824)","(138, 174, 440, 10, 13, 3)",5.109764714208504,10.219529428417008,0.16104421573163563,litqsmall_00020
3,7,"(-28.648267457678344, -95.90510929942565, -239.80031045811256)","(185, 333, 462, 29, 26, 16)",12.260517664993632,24.521035329987264,3.474353906349461,litqsmall_00020
3,8,"(-2.56772967896174, -201.52642588797815, -236.79891693418358)","(223, 199, 469, 22, 19, 7)",8.16417141866144,16.32834283732288,0.7688110820579823,litqsmall_00020
3,9,"(4.786980242768607, -183.3504971590909, -234.25623938859985)","(238, 226, 473, 12, 12, 3)",5.002323072483547,10.004646144967094,0.16944652263937315,litqsmall_00020
3,10,"(-81.21484375, -120.61078527936962, -230.6629055338808)","(123, 307, 474, 15, 15, 7)",6.460580650981258,12.921161301962517,0.48873418513339856,litqsmall_00020
3,11,"(-50.90317584455045, -193.59272392021694, -223.83322718177112)","(161, 208, 478, 20, 21, 10)",9.227398304117878,18.454796608235757,1.3394677595418216,litqsmall_00020
3,12,"(-12.99337232714771, -98.20667948144308, -221.6730203164999)","(212, 335, 481, 16, 18, 8)",7.5728649779259705,15.145729955851941,0.9291551055473065,litqsmall_00020
3,13,"(-108.402109375, -143.425078125, -220.91184878349304)","(89, 278, 483, 13, 12, 5)",5.285439499131534,10.570878998263067,0.2625720908667972,litqsmall_00020
3,14,"(-58.93677181177746, -128.15460734284684, -202.65407383872594)","(151, 292, 497, 18, 23, 8)",8.81350035917728,17.62700071835456,0.9690660633590596,litqsmall_00020
3,15,"(-105.98404533240446, -162.67966883957004, -200.11795812617447)","(91, 251, 500, 16, 15, 6)",6.304344423170186,12.608688846340373,0.4397207281715964,litqsmall_00020
3,1,"(-38.6019510671274, 2.9287600855329003, -183.82369402985074)","(199, 202, 153, 11, 10, 11)",4.2990641755521795,8.598128351104359,0.2330998003133811,litqsmall_00042
3,2,"(-41.46356434606673, -12.38711054194141, -156.4057455580072)","(188, 174, 188, 27, 26, 29)",11.059505857023497,22.119011714046994,2.995854299251529,litqsmall_00042
3,3,"(-16.176613168282955, -31.33148105036129, -156.40909090909093)","(232, 157, 201, 6, 7, 2)",2.37996190001929,4.75992380003858,0.015308046587744428,litqsmall_00042
3,4,"(-70.97201681169126, 63.10952141332683, -142.92331339873672)","(151, 272, 212, 23, 29, 24)",10.9288282485906,21.8576564971812,2.5887994240774157,litqsmall_00042
3,5,"(-14.678389762417765, -31.219969314033705, -144.61546610169492)","(232, 158, 217, 9, 8, 8)",3.426858509543294,6.853717019086588,0.08210679533426557,litqsmall_00042
3,6,"(-37.99785957186239, -8.016666992442822, -136.48261154855643)","(200, 187, 228, 10, 10, 11)",4.223403896567077,8.446807793134154,0.1325537670438779,litqsmall_00042
3,7,"(-0.5669816748625465, -36.370324098063705, -124.1185909549005)","(242, 146, 238, 27, 19, 34)",10.479826226956945,20.95965245391389,2.7617107684889834,litqsmall_00042
3,8,"(-88.35993023841613, 70.64290221275823, -132.71102150537635)","(135, 295, 238, 7, 6, 4)",2.5387927535628876,5.077585507125775,0.03235564392409618,litqsmall_00042
3,9,"(40.40694072372034, -24.785309513219815, -114.50418660287079)","(307, 166, 265, 7, 8, 8)",2.8487606716266036,5.697521343253207,0.07271322129178603,litqsmall_00042
3,10,"(-8.80494522522477, -30.284655327306083, -113.75367647058823)","(242, 160, 267, 6, 6, 7)",2.6447545249445445,5.289509049889089,0.04731578036211914,litqsmall_00042
3,11,"(-14.598042096731803, 6.144598164648386, -105.6179245283019)","(233, 209, 279, 8, 6, 9)",3.2071416770652625,6.414283354130525,0.05531771380571282,litqsmall_00042
3,12,"(-9.144372976743256, -18.935277260266815, -102.67681623931625)","(240, 174, 284, 8, 7, 8)",2.979871247756139,5.959742495512278,0.08141097503482264,litqsmall_00042
3,13,"(60.76941639184952, 4.794050735235203, -73.578125)","(334, 206, 331, 8, 7, 8)",2.97000235467398,5.94000470934796,0.06958202994429286,litqsmall_00042
2,1,"(-74.81100680443548, -133.60135458669356, 31.40001368522644)","(133, 298, 221, 8, 9, 5)",3.7296915093453524,7.459383018690705,0.1293685735610552,litqsmall_00024
2,2,"(11.272300186471199, -228.50565441743828, 60.71112596105644)","(235, 183, 244, 12, 14, 7)",6.046839006499183,12.093678012998366,0.40563307581079244,litqsmall_00024
2,3,"(-12.788612121860723, -171.1957093678653, 71.8657687178486)","(205, 250, 254, 13, 14, 6)",6.058967130409105,12.11793426081821,0.36557054980478826,litqsmall_00024
2,4,"(-46.161359920058146, -204.82174327761626, 84.86978325178455)","(169, 214, 267, 6, 7, 2)",2.5728912663203425,5.145782532640685,0.035889346213712085,litqsmall_00024
2,5,"(-81.6825, -125.32150390625003, 94.98801621198658)","(126, 308, 275, 7, 9, 3)",3.6129518945649965,7.225903789129993,0.08346359584584206,litqsmall_00024
2,6,"(68.29499511718751, -221.16298828125, 99.81501640379429)","(306, 194, 279, 7, 8, 3)",3.3948761703088612,6.7897523406177225,0.06677087667667365,litqsmall_00024
2,7,"(-42.76508246527777, -192.41523799189815, 103.90001656611764)","(172, 228, 282, 8, 7, 4)",3.4150199877822844,6.830039975564569,0.09014068351350943,litqsmall_00024
2,8,"(-1.2159655862603245, -200.35921358471074, 109.28100851547617)","(221, 217, 286, 10, 10, 5)",4.655270519283686,9.310541038567372,0.2019819019469378,litqsmall_00024
2,9,"(-9.711381392045467, -208.10680042613635, 114.79222479114287)","(211, 210, 291, 9, 7, 4)",3.9179840312747234,7.835968062549447,0.1285339376025968,litqsmall_00024
2,10,"(-67.96573153409092, -150.09614701704544, 115.0727442828092)","(144, 280, 292, 4, 5, 2)",1.8648457546726762,3.7296915093453524,0.018361991086085255,litqsmall_00024
3,11,"(-67.8487981103842, -143.61795091522828, 21.749233791716676)","(140, 283, 213, 12, 14, 5)",5.838938431701524,11.677876863403048,0.3747515453478309,litqsmall_00024
3,12,"(-72.65953619295914, -214.61154137213046, 30.357908380659012)","(132, 196, 218, 19, 19, 10)",8.560513794243457,17.121027588486914,1.4906598218067393,litqsmall_00024
3,13,"(-10.966269136679273, -233.14498500631314, 29.827286350004613)","(208, 177, 219, 12, 12, 6)",5.352450042413075,10.70490008482615,0.33051583954953456,litqsmall_00024
3,14,"(-48.72722833806819, -224.15964577414772, 42.7863777740435)","(165, 189, 232, 7, 10, 2)",4.001177780085933,8.002355560171866,0.07344796434434102,litqsmall_00024
3,15,"(-46.55398874047532, -167.5063823816219, 53.36227870887177)","(164, 254, 239, 15, 16, 6)",6.508729465540873,13.017458931081746,0.5750641753778518,litqsmall_00024
3,16,"(-18.843720608313106, -222.9669855506675, 88.20894798144553)","(195, 185, 263, 19, 21, 13)",9.891009644656869,19.782019289313737,1.7193500744243466,litqsmall_00024
3,17,"(-40.18298669763513, -175.5767261402027, 81.46848414323705)","(173, 247, 263, 12, 11, 5)",5.360928107230915,10.72185621446183,0.2779337741666541,litqsmall_00024
3,18,"(-10.399530233503725, -172.95419595144054, 97.70336204479179)","(210, 248, 276, 11, 12, 5)",5.083770572535373,10.167541145070746,0.22451707282531516,litqsmall_00024
2,1,"(-106.04311166158537, 166.0212461890244, 348.0959105452871)","(128, 310, 326, 9, 9, 4)",3.4889402034114827,6.977880406822965,0.08003229904174805,litqsmall_00027
2,2,"(-69.38069282945739, 194.49280826065888, 352.76276628361194)","(174, 347, 330, 8, 7, 5)",3.2516723144993174,6.503344628998635,0.0839363136291504,litqsmall_00027
2,3,"(-112.21416133283132, 182.28241481551203, 369.61804787509413)","(121, 329, 348, 8, 12, 3)",4.536894236081243,9.073788472162486,0.10801107025146485,litqsmall_00027
2,4,"(-101.5390625, 184.44270833333331, 371.2666422526042)","(131, 333, 350, 14, 9, 3)",5.304850467656171,10.609700935312341,0.11516843032836914,litqsmall_00027
3,5,"(-119.34914062499999, 141.79566406249998, 315.9999755859375)","(112, 279, 295, 8, 11, 2)",4.2107876837695875,8.421575367539175,0.06506690979003907,litqsmall_00027
3,6,"(-102.57220663800335, 151.93963008598993, 335.78789504902477)","(131, 291, 313, 13, 13, 5)",5.90210073540094,11.80420147080188,0.1938993911743164,litqsmall_00027
3,7,"(-69.15996093750002, 125.95666429924242, 348.68785437381626)","(171, 260, 326, 14, 11, 5)",5.39828106754288,10.79656213508576,0.21472080230712892,litqsmall_00027
3,8,"(-100.66990537901182, 110.89544182854729, 357.6438945048564)","(130, 237, 332, 16, 17, 11)",7.496630420328628,14.993260840657255,0.7703922119140625,litqsmall_00027
3,9,"(-102.90759037990195, 185.75741996017155, 362.3646814682904)","(131, 334, 340, 11, 10, 4)",4.2107876837695875,8.421575367539175,0.1327364959716797,litqsmall_00027
3,10,"(-67.26961616847825, 100.65769361413044, 366.1965939434254)","(174, 228, 343, 13, 11, 6)",4.958503282129514,9.917006564259028,0.26937700653076174,litqsmall_00027
3,11,"(-105.18409522804053, 121.60523120777029, 374.4445701805321)","(130, 254, 353, 8, 11, 3)",4.2107876837695875,8.421575367539175,0.09629902648925781,litqsmall_00027
3,12,"(3.529925178079054, 103.6337926528033, 378.04482852711396)","(261, 231, 355, 15, 14, 6)",5.838218314761817,11.676436629523634,0.35396398925781253,litqsmall_00027
3,13,"(-25.809395559210543, 68.05427631578948, 399.18944927014803)","(227, 189, 377, 10, 9, 4)",3.9068378463928872,7.8136756927857745,0.12362712860107422,litqsmall_00027
3,14,"(-93.5280829805777, 140.12553691484067, 421.13725503955163)","(138, 273, 396, 19, 19, 10)",8.06950210387275,16.1390042077455,1.1432256050109864,litqsmall_00027
3,15,"(-108.86697253341195, 133.8873390821541, 421.568529045057)","(123, 269, 399, 13, 11, 5)",5.101643256443518,10.203286512887036,0.20691277313232423,litqsmall_00027
2,1,"(-87.2784275315282, -85.43886197143917, -518.7824538100722)","(128, 326, 299, 14, 12, 5)",5.711554998785391,11.423109997570782,0.2852385062074063,litqsmall_00007
2,1,"(-21.88181995210192, 83.8530439130303, 473.17377612055566)","(261, 168, 491, 8, 8, 5)",2.5405458782868253,5.081091756573651,0.04120285892486572,litqsmall_00006
2,2,"(-109.62521999985425, 109.78166759547904, 521.3077618043815)","(117, 210, 556, 9, 9, 3)",2.834950004553927,5.669900009107854,0.03755906867980957,litqsmall_00006
2,1,"(-68.85560010051168, -198.33381875913742, -51.20000251134235)","(171, 195, 202, 11, 9, 4)",4.132994332306652,8.265988664613303,0.1348135811016391,litqsmall_00013
2,2,"(-59.74421432783021, -157.36328125, -4.8339629330725415)","(184, 246, 241, 7, 8, 3)",3.165286733887951,6.330573467775902,0.08356865261271196,litqsmall_00013
2,3,"(-89.64180897400443, -120.97116115873897, -0.06371729352832745)","(147, 290, 244, 8, 9, 4)",4.187620196539012,8.375240393078023,0.0890873372192118,litqsmall_00013
2,4,"(-32.89768611380828, -187.87344532527595, 16.85985301404537)","(211, 204, 256, 19, 17, 9)",7.515672904196994,15.031345808393988,0.9641930391070446,litqsmall_00013
2,5,"(-37.960170950940864, -210.4279548891129, 22.69032300544046)","(209, 180, 263, 10, 9, 4)",4.544242018935293,9.088484037870586,0.14663933382985306,litqsmall_00013
2,6,"(-14.250040690104186, -226.5130615234375, 36.250000963608386)","(241, 162, 275, 5, 5, 3)",2.173690708749119,4.347381417498238,0.03784240873028466,litqsmall_00013
2,7,"(1.9595874190186748, -194.36642319957815, 42.8986753941349)","(249, 190, 275, 30, 28, 15)",12.380933859427017,24.761867718854035,3.924573138736605,litqsmall_00013
2,8,"(-118.48974609375, -121.67044193786984, 39.36213126478816)","(107, 285, 275, 15, 16, 8)",6.8286562114589495,13.657312422917899,0.5329472562848423,litqsmall_00013
2,9,"(4.1168849031689945, -213.15402178697184, 47.459156338597666)","(262, 176, 284, 8, 10, 4)",3.861116155229258,7.722232310458516,0.11195045916042545,litqsmall_00013
2,10,"(-80.6855067422945, -166.51801958476028, 47.35890551462563)","(157, 233, 284, 10, 11, 4)",4.273508508848961,8.547017017697922,0.11510399322128251,litqsmall_00013
2,11,"(-84.03134999659586, -155.4728881569989, 54.53072064426732)","(150, 246, 289, 14, 15, 5)",6.370264593884132,12.740529187768264,0.36186803348334706,litqsmall_00013
2,12,"(-1.3501352163461604, -209.8721704727564, 53.38461702909228)","(257, 182, 290, 5, 6, 2)",2.263437704854975,4.52687540970995,0.030746957093356286,litqsmall_00013
2,1,"(22.957896205357144, -218.8105189732143, 1422.074315241405)","(296, 162, 107, 6, 5, 2)",2.2264669832856567,4.4529339665713135,0.024494179745283874,litqsmall_00030
2,1,"(-130.2581807414947, -131.01422799310376, 1413.8247991481903)","(113, 232, 344, 13, 12, 11)",5.473927273700249,10.947854547400498,0.5256843450483738,litqsmall_00045
2,2,"(-96.34033076684983, -108.47710449871471, 1423.3732487530006)","(157, 263, 356, 7, 6, 6)",2.9133798162262616,5.826759632452523,0.08275289044632464,litqsmall_00045
2,3,"(-78.44529392321905, -85.49987334012985, 1424.0283606847127)","(180, 291, 357, 5, 5, 4)",1.9058389842991321,3.8116779685982642,0.028488699989718317,litqsmall_00045
2,4,"(-131.75553846359253, -91.39277954896292, 1432.6274389993578)","(116, 285, 366, 3, 3, 4)",1.6132576363832192,3.2265152727664383,0.014244349994859158,litqsmall_00045
2,5,"(-127.49134109771414, -117.64307125790478, 1442.6452997939227)","(119, 251, 377, 7, 7, 3)",3.0068576626721364,6.013715325344273,0.049516073791653265,litqsmall_00045
2,6,"(-72.63357784292279, -119.28014916006256, 1445.90261741713)","(186, 249, 378, 7, 8, 7)",3.429671048040764,6.859342096081528,0.1383736856643461,litqsmall_00045
2,7,"(-84.8667996923129, -86.17530611157414, 1459.5473313899267)","(172, 290, 393, 5, 6, 5)",2.4946427450316975,4.989285490063395,0.056977399979436634,litqsmall_00045
2,8,"(-105.28270102674897, -101.89915879674862, 1465.8023216144459)","(146, 271, 400, 8, 6, 4)",3.1310955781820407,6.262191156364081,0.05019437617236085,litqsmall_00045
2,1,"(-27.4702690972222, -178.95377604166666, -314.0111267081013)","(197, 236, 184, 7, 6, 3)",2.9138377510515454,5.827675502103091,0.049391264780015265,litqsmall_00022
2,2,"(-77.95489684693113, -208.43203241953594, -276.1898344533886)","(138, 201, 215, 10, 10, 4)",4.141224943638473,8.282449887276947,0.1527470595974546,litqsmall_00022
3,3,"(-72.2148503510189, -108.84525775037275, -316.4493596302586)","(137, 309, 176, 27, 22, 17)",15.291281210210233,30.582562420420466,2.3003524244766367,litqsmall_00022
2,1,"(-120.46128216911764, -112.75800398284312, -179.71764657076653)","(101, 280, 266, 7, 8, 2)",3.078569779381391,6.157139558762782,0.03848252716392381,litqsmall_00033
3,2,"(-108.37997886782787, -156.64739690061475, -205.08196773294532)","(115, 225, 242, 8, 8, 7)",4.185546196008755,8.37109239201751,0.18411248290190999,litqsmall_00033
3,3,"(-128.91616030092592, -122.03349247685185, -181.55555514053054)","(91, 270, 264, 5, 5, 2)",2.0712306774207323,4.142461354841465,0.020373102616194957,litqsmall_00033
3,4,"(-58.051920572916686, -93.369140625, -169.19999909400929)","(179, 305, 275, 7, 8, 1)",3.6554053219344844,7.310810643868969,0.01810942454772885,litqsmall_00033
3,5,"(-130.94019871628632, -177.61795740404565, -166.84979153174072)","(85, 197, 276, 12, 11, 3)",4.793368427553132,9.586736855106263,0.18184880483344387,litqsmall_00033
3,6,"(-65.15908695203152, -123.87779934754082, -128.74335051906598)","(136, 221, 276, 71, 96, 64)",51.80013657886956,103.60027315773912,97.03633320158042,litqsmall_00033
3,7,"(-70.94738051470588, -226.35466452205884, -165.35294011761152)","(164, 138, 277, 5, 5, 3)",1.8718966907906651,3.7437933815813302,0.025655018109282536,litqsmall_00033
3,8,"(-67.005859375, -88.611328125, -161.999998807907)","(171, 314, 281, 1, 1, 1)",0.0,0.0,0.0007545593561553688,litqsmall_00033
3,9,"(-35.18200306056701, -195.41802915592783, -132.2138415123822)","(204, 173, 302, 15, 14, 9)",6.1698920092413845,12.339784018482769,0.5123458028294954,litqsmall_00033
3,10,"(-68.03926887921133, -196.49515158403523, -110.61132907830904)","(164, 172, 320, 12, 12, 9)",5.218159909265799,10.436319818531597,0.4927272595694558,litqsmall_00033
3,11,"(-120.39056199596774, -146.62594506048387, -113.32257751880144)","(100, 238, 320, 9, 7, 3)",3.3875639849598804,6.775127969919761,0.04678268008163286,litqsmall_00033
3,12,"(-103.77853045886076, -101.29380933544306, -111.34936388383926)","(122, 295, 321, 7, 7, 6)",3.3323858847400105,6.664771769480021,0.11922037827254826,litqsmall_00033
3,13,"(14.545677923387103, -210.91488155241933, -106.20829152181938)","(270, 157, 324, 8, 7, 8)",4.365180424504071,8.730360849008141,0.16373938028571502,litqsmall_00033
3,14,"(-94.28741961868232, -126.05548426218411, -104.40432864922468)","(131, 261, 328, 12, 12, 3)",4.776942643851195,9.55388528770239,0.20901294165503714,litqsmall_00033
3,15,"(-57.303653492647044, -239.52416513480392, -99.01176101086173)","(179, 119, 333, 10, 10, 2)",4.009985784329452,8.019971568658905,0.11544758149177142,litqsmall_00033
3,16,"(-62.27976562499998, -225.61820312499998, -95.80113903454361)","(173, 139, 333, 8, 6, 7)",3.87344797370729,7.74689594741458,0.13204788732718953,litqsmall_00033
3,17,"(-61.34406250000001, -209.8958984375, -95.45999616384495)","(175, 159, 335, 7, 6, 4)",2.677684960552788,5.355369921105576,0.07545593561553687,litqsmall_00033
3,18,"(-18.617527173913032, -231.6646144701087, -93.96521349575193)","(229, 132, 336, 7, 5, 5)",2.7934921930824346,5.586984386164869,0.06941946076629392,litqsmall_00033
3,19,"(-41.6868109413017, -204.59892506843065, -91.17663832940599)","(196, 161, 337, 15, 15, 8)",6.483978335829732,12.967956671659463,0.3101238953798566,litqsmall_00033
3,20,"(-67.88741591450955, -182.74773820674386, -88.17220295872272)","(165, 190, 340, 10, 11, 7)",4.318053554573849,8.636107109147698,0.2769232837090203,litqsmall_00033
3,21,"(-52.326025390625006, -196.45260009765624, -85.25249575823534)","(184, 174, 342, 11, 9, 6)",4.288634231948378,8.577268463896756,0.241458993969718,litqsmall_00033
3,22,"(-80.33993389423075, -168.91466346153845, -79.94768785513355)","(151, 210, 347, 7, 7, 6)",3.323191070387705,6.64638214077541,0.09809271630019793,litqsmall_00033
3,23,"(-59.19816706730771, -184.38626802884613, -81.01977580982236)","(177, 189, 348, 9, 9, 2)",4.009985784329452,8.019971568658905,0.06866490141013856,litqsmall_00033
2,1,"(-101.15834122474747, -150.1986663510101, -3.8757563985959393)","(89, 263, 88, 9, 8, 3)",2.7433389951092066,5.486677990218413,0.05238830774578673,litqsmall_00011
2,2,"(-52.58116319444444, -224.75477430555554, 45.86666982041464)","(163, 151, 129, 7, 6, 3)",2.4186339436763515,4.837267887352703,0.03810058745148126,litqsmall_00011
2,3,"(-21.645508893964575, -223.90588230204872, 57.337212911872)","(206, 148, 136, 15, 17, 8)",6.167274951918825,12.33454990383765,0.4778448676206608,litqsmall_00011
2,4,"(-67.13955965909092, -108.13600852272728, 69.02364043755964)","(140, 327, 149, 8, 6, 2)",2.4232700174430324,4.846540034886065,0.029104615414325963,litqsmall_00011
2,1,"(-15.110358639039845, -205.83138905400816, -97.0221920289855)","(217, 157, 841, 16, 14, 11)",5.004175826590246,10.008351653180492,0.21160098266601562,litqsmall_00021
2,1,"(-71.64388020833331, -208.91384548611111, 929.2000253200531)","(171, 187, 275, 4, 3, 1)",1.4761413296489114,2.952282659297823,0.009413251106470852,litqsmall_00002
3,2,"(-73.52281102594341, -173.08302623820754, 922.1358740959527)","(168, 224, 268, 6, 6, 3)",2.7855126040325366,5.571025208065073,0.055433589849217244,litqsmall_00002
3,3,"(-43.65469575264083, -174.97756657130282, 932.9014339178381)","(198, 219, 276, 10, 11, 5)",5.253324218276551,10.506648436553101,0.2970403682486358,litqsmall_00002
3,4,"(10.257509428879331, -232.09987877155172, 985.7965792931359)","(256, 159, 321, 9, 10, 3)",4.394057869468915,8.78811573893783,0.12132634759451322,litqsmall_00002
3,5,"(-63.564260223765444, -168.96909561471193, 988.5876820008941)","(175, 227, 323, 12, 10, 4)",5.4637173411367,10.9274346822734,0.254157779874713,litqsmall_00002
2,1,"(-87.8116138599537, -85.13919632523152, -518.1499612033367)","(129, 326, 300, 11, 13, 4)",5.330962429362902,10.661924858725804,0.18282349359287764,litqsmall_00026
2,1,"(-103.20377418236947, -150.52157894988264, 1557.8681953180203)","(139, 225, 348, 29, 31, 28)",17.56345652143603,35.12691304287206,9.110459641555634,litqsmall_00025
2,2,"(-44.519748238956225, -237.084579531886, 1575.0258276162026)","(208, 146, 377, 11, 12, 7)",6.218919393494963,12.437838786989927,0.45394941791902876,litqsmall_00025
2,3,"(-50.69350626685403, -233.34986649426546, 1608.660332327178)","(203, 151, 412, 10, 9, 4)",4.65915154013085,9.3183030802617,0.1573564158752936,litqsmall_00025
2,1,"(-79.6303089866618, -146.0560434614489, 1332.9239535821505)","(133, 256, 182, 23, 25, 17)",11.015715994384673,22.031431988769345,3.2253281707655606,litqsmall_00041
2,2,"(-79.71875, -139.240234375, 1374.800059556961)","(143, 276, 225, 2, 2, 1)",0.5980024145581545,1.196004829116309,0.003433026259463077,litqsmall_00041
2,3,"(-67.62106993140245, -187.53813357469514, 1388.5561576645548)","(155, 217, 236, 7, 6, 2)",2.572105640253056,5.144211280506112,0.035188519159496535,litqsmall_00041
2,4,"(-34.39831128314, -187.15944102112675, 1411.0282300106237)","(186, 211, 248, 22, 18, 15)",10.61028429452259,21.22056858904518,2.0718313475859667,litqsmall_00041
2,5,"(-15.795675223214289, -194.1263671875, 1421.8743471418109)","(217, 210, 263, 5, 4, 3)",2.1142578125,4.228515625,0.030038979770301923,litqsmall_00041
2,6,"(-31.185984358412952, -181.25875174164014, 1430.3032464758353)","(195, 222, 268, 14, 10, 7)",6.029670607362026,12.059341214724052,0.4042388420517773,litqsmall_00041
2,7,"(-42.37226776358193, -194.50576506240586, 1447.2894894694696)","(170, 192, 273, 38, 40, 27)",18.648719654417814,37.29743930883563,14.814366566148042,litqsmall_00041
2,8,"(-13.869229403409093, -200.39994673295453, 1433.7364255352454)","(219, 202, 273, 5, 5, 3)",2.431066887635592,4.862133775271184,0.03776328885409384,litqsmall_00041
2,9,"(-91.23523667279413, -94.37651271446077, 1474.9412400068022)","(127, 326, 306, 7, 8, 6)",3.4954917687804956,6.990983537560991,0.13131325442446268,litqsmall_00041
2,10,"(-87.72217684659091, -121.61116832386361, 1485.2437003092332)","(132, 295, 316, 5, 5, 4)",2.116520413529875,4.23304082705975,0.04720411106761731,litqsmall_00041
2,11,"(-75.71031501279239, -83.11472610562862, 1496.6526959778969)","(144, 338, 325, 9, 9, 4)",4.18858875639366,8.37717751278732,0.14676187259204654,litqsmall_00041
2,1,"(-106.59297941957512, -113.67498992317906, 468.05509913799796)","(92, 258, 262, 22, 20, 6)",7.599322346541694,15.198644693083388,0.7390823657942747,litqsmall_00043
2,1,"(-57.64586292613636, -199.65012428977272, -494.17878393211754)","(162, 187, 81, 6, 6, 5)",2.890858943235991,5.781717886471982,0.06170626618489678,litqsmall_00031
2,2,"(-76.56609632297905, -149.3394402601048, -492.3479001721936)","(132, 254, 83, 14, 10, 4)",4.937899454110588,9.875798908221176,0.10409036821088648,litqsmall_00031
2,3,"(-30.2373046875, -221.3076171875, -490.96666259235803)","(202, 158, 85, 2, 3, 2)",1.004622452263131,2.009244904526262,0.005609660562263343,litqsmall_00031
2,4,"(-85.998699913727, -175.9888024827454, -464.97484151863614)","(122, 219, 105, 7, 7, 6)",3.2692648939794156,6.538529787958831,0.10159718573876944,litqsmall_00031
2,5,"(-70.05901227678571, -121.88490513392858, -457.8999946117401)","(145, 295, 113, 6, 5, 1)",1.9405525525709297,3.8811051051418595,0.013089207978614468,litqsmall_00031
2,6,"(-119.564453125, -136.6908707157258, -454.1354783331194)","(75, 271, 115, 8, 10, 3)",3.4767753018175642,6.9535506036351284,0.07728865663562828,litqsmall_00031
2,7,"(-104.1143798828125, -178.9813232421875, -450.32499431073666)","(99, 217, 118, 3, 3, 3)",1.303727966883162,2.607455933766324,0.009972729888468167,litqsmall_00031
2,8,"(-102.39651125286697, -126.03815761181193, -448.99907682685676)","(99, 288, 118, 7, 8, 6)",3.662650838876982,7.325301677753964,0.13587844473037877,litqsmall_00031
2,9,"(-66.56335698341837, -140.15252311862244, -446.144892103818)","(150, 270, 121, 5, 5, 5)",2.531652958196411,5.063305916392822,0.03054148528343376,litqsmall_00031
2,10,"(-81.38005719866071, -131.85892159598217, -446.2857084359441)","(129, 281, 121, 6, 6, 5)",3.0010550932411197,6.0021101864822395,0.06980910921927716,litqsmall_00031
2,11,"(-102.7720703125, -104.50566406250002, -447.6999942064285)","(101, 321, 121, 3, 2, 2)",1.004622452263131,2.009244904526262,0.006232956180292604,litqsmall_00031
2,12,"(27.201590401785722, -230.556640625, -443.67142261777605)","(281, 145, 124, 3, 4, 3)",1.303727966883162,2.607455933766324,0.008726138652409645,litqsmall_00031
2,13,"(-42.44921875, -223.7099609375, -443.4999940395355)","(185, 156, 125, 2, 1, 1)",0.3603515625,0.720703125,0.0012465912360585208,litqsmall_00031
2,14,"(-41.54270935058594, -208.55267333984375, -440.24686891026795)","(184, 174, 126, 6, 8, 5)",3.08638051235638,6.17276102471276,0.07978183910774533,litqsmall_00031
2,15,"(-87.72481863839286, -126.0546875, -441.0999939441681)","(120, 289, 126, 6, 6, 3)",2.4197129099774273,4.8394258199548545,0.05235683191445787,litqsmall_00031
2,16,"(-80.21921037946427, -119.18741629464287, -438.33999383449554)","(130, 298, 127, 7, 8, 5)",2.9041573995463343,5.808314799092669,0.08726138652409646,litqsmall_00031
2,17,"(-48.49933182565789, -193.41514185855263, -438.11052014116655)","(174, 195, 129, 7, 7, 2)",2.4906618027020135,4.981323605404027,0.03552785022766784,litqsmall_00031
2,18,"(-63.87169352854332, -189.0991864542323, -432.8322770802055)","(152, 200, 131, 8, 9, 7)",3.698790156541914,7.397580313083828,0.15831708697943214,litqsmall_00031
2,19,"(0.23055089077101343, -232.41901832651868, -432.45326462861533)","(242, 142, 132, 6, 5, 5)",2.7291193981784985,5.458238796356997,0.06669263112913086,litqsmall_00031
2,20,"(-100.87765066964286, -189.34786551339286, -434.58570797102794)","(101, 201, 132, 8, 6, 2)",2.617759052781558,5.235518105563116,0.03490455460963858,litqsmall_00031
2,21,"(11.161693274456525, -224.1298488451087, -430.5817326566447)","(257, 153, 133, 7, 6, 5)",2.7291193981784985,5.458238796356997,0.07167899607336495,litqsmall_00031
2,22,"(-83.53967737268519, -161.05327690972223, -430.80863551053494)","(125, 239, 133, 8, 9, 6)",3.499475950790423,6.998951901580846,0.15146083518111028,litqsmall_00031
2,23,"(8.168164062499983, -234.0769981971154, -427.5984549461267)","(253, 138, 136, 7, 8, 6)",3.405446473985398,6.810892947970796,0.12154264551570577,litqsmall_00031
2,24,"(-40.60437542459238, -130.72750721807066, -426.46521075393844)","(185, 282, 137, 8, 7, 6)",3.367099521841788,6.734199043683576,0.11468639371738391,litqsmall_00031
2,25,"(-102.3558274872449, -119.58306760204081, -425.983666812887)","(99, 297, 137, 8, 8, 6)",3.517980269807767,7.035960539615534,0.12216594113373504,litqsmall_00031
2,26,"(23.448918269230774, -230.89851262019232, -422.7615316770016)","(274, 144, 141, 6, 5, 4)",2.2199307397399943,4.439861479479989,0.04861705820628231,litqsmall_00031
2,27,"(0.17636718750000568, -234.528515625, -421.1933264864815)","(239, 138, 143, 11, 7, 3)",3.67085523234376,7.34171046468752,0.05609660562263343,litqsmall_00031
2,28,"(9.614908854166686, -215.6220703125, -419.61110420138743)","(254, 165, 144, 9, 5, 3)",2.905247176877114,5.810494353754228,0.03365796337358006,litqsmall_00031
2,29,"(-74.45960332306338, -210.68655094630282, -413.466190029198)","(138, 171, 149, 8, 7, 3)",2.691137715578371,5.382275431156742,0.044253988880077484,litqsmall_00031
2,30,"(46.197265625, -197.404296875, -412.89999282360077)","(307, 191, 150, 4, 4, 2)",1.2878402519614551,2.5756805039229103,0.014959094832702248,litqsmall_00031
2,31,"(-69.28959803427419, -165.98396547379033, -409.28063784107087)","(145, 233, 152, 9, 7, 3)",2.905247176877114,5.810494353754228,0.03864432831781414,litqsmall_00031
2,32,"(16.2880859375, -184.33739483173076, -400.2815307837266)","(265, 208, 160, 6, 6, 3)",2.4197129099774273,4.8394258199548545,0.04051421517190192,litqsmall_00031
2,1,"(-83.12473958333334, -189.26441761363637, -252.89633613463604)","(167, 238, 317, 11, 15, 10)",6.893966770308945,13.78793354061789,0.6845405545449467,litqsmall_00012
2,2,"(-66.91418850806451, -235.13863407258066, -209.22190624667752)","(185, 192, 356, 9, 10, 3)",4.8008302725515275,9.601660545103055,0.16076331205222233,litqsmall_00012
2,3,"(-4.132951019503537, -230.96356937056737, -197.8255022248478)","(253, 198, 365, 11, 8, 4)",5.006520406632859,10.013040813265718,0.14624275483460225,litqsmall_00012
2,4,"(-69.101953125, -224.46259765624998, -195.49497021734715)","(183, 205, 368, 8, 8, 2)",3.436891729463636,6.873783458927272,0.08297461267211474,litqsmall_00012
2,5,"(-85.41796875, -175.09619140625, -193.16247012466192)","(166, 258, 370, 7, 7, 2)",3.175466432627346,6.350932865254692,0.0663796901376918,litqsmall_00012
2,1,"(-75.01727959034973, -133.09747915317357, 30.93369242317317)","(133, 298, 221, 8, 12, 5)",4.9035418924615595,9.807083784923119,0.1610847399824752,litqsmall_00014
2,2,"(11.53623707184164, -228.93343736098754, 60.447701672218045)","(235, 183, 243, 13, 11, 9)",5.864029625003346,11.728059250006693,0.4690654086536324,litqsmall_00014
2,3,"(-12.917764721729213, -171.21011544434586, 72.37770294030827)","(205, 250, 254, 13, 14, 7)",5.950484003688992,11.900968007377983,0.4114755275200014,litqsmall_00014
2,4,"(-45.549242424242436, -205.6698330965909, 84.41819761016154)","(170, 213, 266, 6, 7, 3)",2.7114580183484525,5.422916036696905,0.05508597325825576,litqsmall_00014
2,5,"(-81.9994140625, -125.6801171875, 94.50401619275408)","(126, 307, 274, 6, 10, 4)",4.18310458645812,8.36620917291624,0.06259769688438155,litqsmall_00014
2,6,"(68.34959282309319, -220.60959017478814, 99.0474740004135)","(306, 194, 278, 7, 9, 3)",3.490559979467567,6.981119958935134,0.04924352154904682,litqsmall_00014
2,7,"(-42.40936869959677, -192.34524109543008, 103.81937140162273)","(172, 228, 281, 10, 8, 5)",4.027407514953498,8.054815029906996,0.15524228827326625,litqsmall_00014
2,8,"(-0.9401041666666572, -200.05836123511904, 109.22450657361213)","(220, 218, 286, 12, 10, 5)",4.700564921699797,9.401129843399595,0.24538297178677568,litqsmall_00014
2,9,"(-9.327837775735304, -208.54704733455884, 114.31598336656555)","(211, 208, 290, 10, 10, 5)",4.484038497580889,8.968076995161779,0.19864335811310413,litqsmall_00014
2,10,"(-68.1552734375, -150.21634432164632, 114.93172432155143)","(142, 280, 292, 6, 6, 2)",2.324347667035904,4.648695334071808,0.034220074296795244,litqsmall_00014
3,11,"(-67.04834872159093, -144.2222434303977, 21.742740574208142)","(141, 282, 213, 12, 16, 5)",6.554480049205951,13.108960098411902,0.3672398217217051,litqsmall_00014
3,12,"(-72.90702205882353, -214.1403492647059, 30.459778353747197)","(131, 197, 218, 18, 19, 10)",8.821460634419303,17.642921268838606,1.418881129379315,litqsmall_00014
3,13,"(-11.237621861645295, -231.79961549590456, 30.278646119299765)","(208, 177, 220, 11, 15, 5)",6.000492424626286,12.000984849252571,0.2929572214189057,litqsmall_00014
3,14,"(-48.790156249999995, -223.23960937500001, 42.29601411819459)","(165, 191, 231, 8, 9, 3)",4.112850742398519,8.225701484797039,0.08346359584584206,litqsmall_00014
3,15,"(-46.200613114940296, -167.5857275846963, 53.162008319440815)","(165, 254, 238, 15, 16, 7)",7.199251031994692,14.398502063989383,0.8037544279954592,litqsmall_00014
3,16,"(-40.00919306125178, -175.687819019704, 81.12897429180555)","(171, 245, 262, 16, 14, 6)",6.642609620573443,13.285219241146885,0.5850798068793529,litqsmall_00014
3,17,"(-19.57081868489584, -222.63879313151043, 88.0435159360369)","(192, 186, 263, 23, 22, 13)",10.057719297452797,20.115438594905594,2.0031263003002096,litqsmall_00014
3,18,"(-9.933156249999996, -172.693484375, 97.34721630573273)","(210, 249, 276, 10, 11, 5)",4.971236391612404,9.942472783224808,0.20865898961460516,litqsmall_00014
3,1,"(-101.81574955920584, -106.77840207655402, 1537.5849923989208)","(136, 293, 369, 10, 9, 10)",5.149329957794738,10.298659915589475,0.37002599611887216,litqsmall_00034
3,2,"(-110.52218521717222, -86.75710738867201, 1537.0924266167926)","(126, 313, 369, 11, 10, 9)",5.366149125858818,10.732298251717635,0.5283360872418948,litqsmall_00034
3,3,"(-125.08312638809807, -219.06980917955698, 1538.3717983312774)","(112, 179, 371, 9, 8, 7)",3.9381218827843347,7.8762437655686695,0.21743795648222386,litqsmall_00034
3,4,"(-130.4979722925595, -91.96411071079115, 1542.7682582310267)","(107, 309, 375, 8, 7, 8)",3.882202473016281,7.764404946032562,0.21362325549130765,litqsmall_00034
3,5,"(-141.71577743994885, -189.8187168561495, 1546.60594138121)","(96, 208, 379, 8, 8, 8)",4.008079464146913,8.016158928293827,0.22316000796859817,litqsmall_00034
3,6,"(-65.32267790574295, -103.51392044165198, 1548.7640610393296)","(174, 297, 381, 8, 8, 8)",4.120539592935837,8.241079185871675,0.22316000796859817,litqsmall_00034
3,7,"(-122.08032816031883, -235.4145372242763, 1555.290733600485)","(117, 162, 388, 6, 10, 8)",4.669083697948192,9.338167395896384,0.16593949310485506,litqsmall_00034
3,8,"(-82.01341148647103, -161.49889809698672, 1558.1249989002674)","(156, 237, 390, 10, 9, 10)",5.07692537755114,10.15385075510228,0.4234318099916991,litqsmall_00034
3,9,"(13.273927160931123, -262.2821556130036, 1558.5913637422668)","(253, 134, 393, 10, 9, 4)",5.1080212600601325,10.216042520120265,0.18787402380262325,litqsmall_00034
3,10,"(-121.72459230031052, -104.84333125205887, 1558.2202722558147)","(115, 294, 393, 12, 10, 3)",5.921076468186372,11.842152936372743,0.20885487925266238,litqsmall_00034
3,11,"(-26.009413480758667, -229.312717795372, 1563.3122457801749)","(212, 166, 394, 13, 12, 12)",6.8086327707894965,13.617265541578993,0.8316048160197334,litqsmall_00034
3,12,"(14.855814742614797, -269.88507594880707, 1569.632529947552)","(252, 125, 399, 15, 12, 14)",8.936145868497546,17.87229173699509,0.8516319962220434,litqsmall_00034
3,13,"(-26.065993907054263, -163.3485391676426, 1571.4186550564236)","(212, 234, 402, 12, 11, 12)",6.625330255623094,13.250660511246188,0.6866461783649175,litqsmall_00034
3,14,"(-105.66977505427465, -124.1182100339517, 1573.3368240678449)","(129, 273, 403, 15, 14, 13)",7.395170621692431,14.790341243384862,1.4009489389139773,litqsmall_00034
3,15,"(-129.2640152168274, -160.6410183143616, 1569.4900439453124)","(107, 238, 405, 9, 9, 2)",4.201734555044523,8.403469110089047,0.0715256435796789,litqsmall_00034
3,16,"(-54.43650472164154, -105.62146019935608, 1574.4964328342014)","(186, 295, 408, 7, 7, 6)",3.3193939565296042,6.6387879130592085,0.1373292356729835,litqsmall_00034
3,17,"(-127.44578937962952, -113.161817921318, 1574.0647807874177)","(108, 285, 409, 13, 11, 3)",6.176326570799351,12.352653141598703,0.23555778618907586,litqsmall_00034
3,18,"(-80.64094460010529, -112.88649689067489, 1576.840498490767)","(158, 286, 409, 9, 10, 9)",4.7936256150174925,9.587251230034985,0.3356936872006263,litqsmall_00034
3,19,"(-72.4215395450592, -101.22692680358887, 1575.0033772786458)","(169, 302, 410, 3, 2, 2)",1.0918306002587193,2.1836612005174385,0.005722051486374312,litqsmall_00034
3,20,"(-89.36388994008303, -241.19078095257282, 1579.9877522786458)","(148, 156, 412, 10, 8, 9)",4.7936256150174925,9.587251230034985,0.36621129512795597,litqsmall_00034
3,21,"(-5.314768908899026, -192.79927834679808, 1582.0919848735825)","(234, 205, 412, 11, 8, 12)",6.03729153762172,12.07458307524344,0.45204206742357067,litqsmall_00034
3,22,"(-40.77323977806989, -178.83591843633093, 1581.894553749234)","(196, 217, 412, 14, 13, 12)",6.988696673431056,13.977393346862112,0.972748752683633,litqsmall_00034
3,23,"(-120.53378097235719, -227.89279575277948, 1581.231168639689)","(117, 169, 413, 9, 9, 9)",4.803488831524545,9.60697766304909,0.39005317632118225,litqsmall_00034
3,24,"(-84.124867731926, -275.43079716221416, 1582.8288117178245)","(153, 121, 415, 11, 8, 9)",5.200534245724698,10.401068491449395,0.40245095454165997,litqsmall_00034
3,25,"(-46.79276210074596, -201.96434675432377, 1588.935992578287)","(187, 190, 417, 18, 21, 18)",11.880784344832794,23.761568689665587,2.3021720480179315,litqsmall_00034
3,26,"(-15.626783865563397, -140.42883119557763, 1585.0450439453125)","(224, 259, 417, 10, 9, 9)",5.231160824268527,10.462321648537054,0.35858189314612354,litqsmall_00034
3,27,"(-100.86336314510294, -113.40416279645035, 1583.4658185931999)","(138, 288, 417, 7, 6, 6)",3.4247403605166675,6.849480721033335,0.13542188517752538,litqsmall_00034
3,28,"(-14.493236618757095, -212.76081571582418, 1601.7064534622555)","(218, 175, 418, 29, 27, 35)",18.962382981364705,37.92476596272941,5.29099027440078,litqsmall_00034
3,29,"(-82.4285038421894, -205.67426587795387, 1590.342457738416)","(158, 193, 424, 5, 6, 5)",2.8795031888818485,5.759006377763697,0.08296974655242753,litqsmall_00034
3,30,"(-1.6398720180287114, -209.73073284766252, 1595.8171027688418)","(241, 190, 430, 4, 5, 4)",2.638270323205447,5.276540646410894,0.03242495842278777,litqsmall_00034
3,31,"(-76.28752964546808, -183.23594436896474, 1599.980570261102)","(162, 215, 432, 9, 9, 9)",4.711569707670559,9.423139415341119,0.3623965941370398,litqsmall_00034
3,32,"(-52.061974117071316, -160.37505799472922, 1605.800406981616)","(186, 237, 436, 11, 11, 12)",6.250719641888742,12.501439283777485,0.5779272001238055,litqsmall_00034
3,33,"(-83.58198891406835, -137.3237982323003, 1604.303764875545)","(156, 263, 436, 7, 6, 8)",4.125333469993094,8.250666939986187,0.16403214260939694,litqsmall_00034
3,34,"(-87.86771156758437, -200.7177964993465, 1607.5846529988105)","(148, 195, 437, 13, 13, 13)",6.767743456391715,13.53548691278343,0.9269723407926386,litqsmall_00034
3,35,"(11.193038704813262, -229.16807478637116, 1612.588261379201)","(246, 161, 439, 21, 21, 19)",10.582742817965208,21.165485635930416,3.8948097117254483,litqsmall_00034
3,36,"(72.25098384137186, -211.67986428974478, 1604.4945472565707)","(312, 184, 439, 12, 11, 3)",5.656363279634203,11.312726559268405,0.14400496240708685,litqsmall_00034
3,37,"(-131.17807865142822, -184.88582181930542, 1605.1700439453125)","(110, 217, 441, 1, 1, 1)",0.0,0.0,0.000953675247729052,litqsmall_00034
3,38,"(-109.8731985641605, -171.38942676905253, 1612.0191523129395)","(123, 226, 441, 17, 10, 14)",8.790542342005503,17.581084684011007,0.6952292555944789,litqsmall_00034
3,39,"(-45.1459481291746, -220.9036118210298, 1610.4030282385063)","(193, 176, 442, 11, 8, 9)",5.131305877177716,10.262611754355431,0.3643039446324979,litqsmall_00034
3,40,"(-82.49865922845643, -151.83141002572816, 1611.894181876347)","(156, 247, 444, 9, 9, 9)",4.495829090545356,8.991658181090711,0.3318789862097101,litqsmall_00034
3,41,"(-121.54672629237176, -151.21270967423916, 1612.4137939453126)","(117, 248, 445, 7, 7, 7)",3.5807116669027863,7.161423333805573,0.15258803963664833,litqsmall_00034
3,42,"(-12.172653507327766, -255.56084767206886, 1615.8611796793846)","(226, 139, 447, 13, 12, 10)",6.3325101781908835,12.665020356381767,0.6885535288603756,litqsmall_00034
3,43,"(-56.08038573265074, -252.78567114998313, 1614.0053380629595)","(184, 144, 447, 7, 8, 6)",3.764430979127277,7.528861958254554,0.16212479211393885,litqsmall_00034
3,44,"(-84.47051588478831, -230.9776377472796, 1621.1234912051827)","(151, 164, 450, 15, 13, 18)",9.213370557641213,18.426741115282425,1.6183868953962013,litqsmall_00034
3,45,"(-70.80623829287535, -139.0706755960477, 1621.870907876198)","(166, 259, 453, 14, 11, 12)",7.507161927617431,15.014323855234862,0.8831032793971022,litqsmall_00034
3,46,"(-102.4669093926216, -233.60945555996335, 1623.4755065986012)","(134, 161, 454, 12, 13, 13)",7.22582031408157,14.45164062816314,0.8554466972129596,litqsmall_00034
3,47,"(-91.67906552011317, -156.38793858614835, 1621.4579227331913)","(147, 243, 455, 7, 7, 5)",3.3273857668586806,6.654771533717361,0.12588513270023485,litqsmall_00034
3,48,"(-91.84770230429513, -241.46509051731653, 1622.718615373884)","(147, 154, 457, 9, 10, 4)",4.745060485836019,9.490120971672038,0.1668931683525841,litqsmall_00034
3,49,"(-52.26813942026868, -147.4113584277786, 1623.5625673097984)","(188, 253, 457, 7, 6, 6)",3.057686143985255,6.11537228797051,0.10204325150700856,litqsmall_00034
3,50,"(-72.58430004119873, -202.87775327391546, 1625.6446202164989)","(168, 197, 460, 5, 4, 5)",2.526695098210829,5.053390196421658,0.056266839616014065,litqsmall_00034
3,51,"(-75.7609359313702, -182.1637928321444, 1630.0665956694504)","(164, 216, 463, 6, 8, 7)",3.858263473689937,7.716526947379874,0.16593949310485506,litqsmall_00034
3,52,"(-86.8704877901227, -211.72854815755144, 1639.7635653664202)","(149, 184, 470, 13, 13, 11)",6.720519782562011,13.441039565124022,0.9126672120767028,litqsmall_00034
3,53,"(-95.2775507719279, -180.87503389339327, 1641.6613522710215)","(140, 215, 472, 14, 13, 12)",7.3921737455743814,14.784347491148763,1.0423670457678538,litqsmall_00034
2,1,"(23.201100419207336, -219.02498570884146, 1422.2097856300634)","(296, 161, 107, 7, 6, 2)",2.398864586793276,4.797729173586552,0.028693181987332537,litqsmall_00008
2,1,"(-109.75885416666667, -138.80833333333334, 1547.6800359090169)","(107, 264, 240, 10, 11, 3)",4.159809624644048,8.319619249288095,0.06858105741266628,litqsmall_00015
2,2,"(-43.88755681818182, -246.7203409090909, 1557.5840363025666)","(186, 129, 246, 17, 11, 8)",7.644565314215552,15.289130628431105,0.41910646196629386,litqsmall_00015
2,3,"(-126.86091364503817, -141.47100429389315, 1559.3362195782988)","(85, 259, 247, 12, 15, 8)",6.538296361088256,13.076592722176512,0.4991176956144045,litqsmall_00015
2,4,"(-48.4529799403183, -258.00826840185675, 1569.200036764145)","(183, 113, 256, 13, 14, 7)",5.640517681083632,11.281035362167264,0.2872784293841687,litqsmall_00015
2,5,"(-96.59196159638554, -133.3203501506024, 1569.4400367736816)","(123, 271, 256, 14, 12, 7)",6.328357636873309,12.656715273746618,0.3162348758472945,litqsmall_00015
2,6,"(-120.15364583333333, -193.73958333333334, 1566.8000366687775)","(96, 199, 257, 6, 4, 1)",2.3232698956024245,4.646539791204849,0.013716211482533254,litqsmall_00015
2,7,"(-67.00562500000001, -196.82596875, 1577.9936371135711)","(159, 190, 264, 13, 15, 5)",5.832489608055567,11.664979216111133,0.3810058745148126,litqsmall_00015
2,8,"(11.304687500000028, -260.1796875, 1579.9125077780554)","(257, 112, 265, 14, 12, 7)",6.103927857172646,12.207855714345293,0.3238549933375907,litqsmall_00015
2,9,"(-80.66194877320955, -232.00520142572947, 1580.267411209228)","(143, 146, 266, 12, 14, 6)",5.4495811476436815,10.899162295287363,0.2872784293841687,litqsmall_00015
2,10,"(-90.84877996575344, -242.1482234589041, 1582.9918181340988)","(132, 137, 270, 7, 7, 2)",3.1118963552440575,6.223792710488115,0.055626857679162645,litqsmall_00015
2,11,"(-32.016051136363615, -262.94375, 1586.64731018471)","(203, 109, 271, 12, 11, 6)",5.370666242752104,10.741332485504207,0.2514638771797763,litqsmall_00015
2,12,"(-73.7794961734694, -242.79799107142858, 1587.4694252452073)","(151, 136, 272, 11, 7, 5)",4.444125804220901,8.888251608441802,0.11201572710735491,litqsmall_00015
2,13,"(-60.354518581081095, -257.4845211798337, 1590.8599128847063)","(168, 115, 274, 12, 14, 7)",6.710290172118548,13.420580344237097,0.3665276512832497,litqsmall_00015
2,14,"(-93.87864985521237, -224.8616373069498, 1593.5011960309444)","(127, 158, 277, 10, 8, 6)",4.692302303834254,9.384604607668509,0.19736104299867294,litqsmall_00015
2,15,"(-56.458984375, -230.17131696428572, 1595.1071806507452)","(176, 152, 280, 6, 7, 2)",2.9351536555579556,5.870307311115911,0.04267265794565901,litqsmall_00015
2,16,"(-53.5703125, -226.8984375, 1595.6000378131866)","(182, 159, 281, 1, 1, 1)",0.0,0.0,0.0007620117490296253,litqsmall_00015
2,17,"(-6.172510035122912, -187.57500862393377, 1610.768126724994)","(227, 194, 282, 31, 33, 26)",16.244825823194443,32.489651646388886,9.112136494896259,litqsmall_00015
2,18,"(-101.47135416666667, -189.9765625, 1598.2444823627118)","(120, 201, 282, 5, 9, 3)",3.4567221831189268,6.9134443662378535,0.04114863444759976,litqsmall_00015
2,19,"(-27.849050756784976, -245.90532032881003, 1610.4459674219)","(209, 130, 290, 13, 11, 8)",5.727482536485775,11.45496507297155,0.36500362778519047,litqsmall_00015
2,20,"(-82.85303925304878, -227.8678067835366, 1616.5195508395755)","(140, 153, 296, 11, 11, 6)",4.613464564751979,9.226929129503958,0.24993985368171706,litqsmall_00015
2,21,"(44.35336538461536, -250.06298076923076, 1616.0000386238098)","(301, 126, 297, 9, 9, 3)",3.497880233808173,6.995760467616346,0.09906152737385128,litqsmall_00015
2,22,"(30.99758784562215, -214.74333957373273, 1619.2184719314223)","(282, 168, 299, 14, 12, 5)",5.194989416645861,10.389978833291721,0.16535654953942866,litqsmall_00015
2,23,"(-17.617796266233768, -255.23407061688312, 1619.4286101886205)","(224, 121, 300, 7, 7, 3)",2.9351536555579556,5.870307311115911,0.05867490467528114,litqsmall_00015
2,24,"(-15.817652925531917, -202.2857380319149, 1620.4085494372862)","(225, 187, 300, 10, 7, 4)",3.7463537303779884,7.492707460755977,0.10744365661317716,litqsmall_00015
2,25,"(61.34745065789474, -247.28166118421052, 1626.8000390529633)","(324, 132, 307, 6, 4, 1)",2.145651602842654,4.291303205685308,0.014478223231562878,litqsmall_00015
3,1,"(-88.31506313462886, -174.7744113270308, -67.08430151845897)","(112, 239, 176, 16, 19, 5)",6.796748789349933,13.593497578699866,0.6787935333251953,litqsmall_00018
3,2,"(-94.84919984879032, -125.86914692540321, -60.28708456716231)","(101, 310, 180, 17, 17, 4)",6.220950863395032,12.441901726790064,0.5894285583496094,litqsmall_00018
3,3,"(-119.05405342861374, -108.81335622778434, -47.08197831429578)","(69, 338, 187, 12, 10, 3)",4.217229272353556,8.434458544707113,0.2005958480834961,litqsmall_00018
3,4,"(13.672611905258748, -190.5140452185935, -1.8392198463911313)","(258, 215, 207, 18, 21, 8)",8.988955661848935,17.97791132369787,1.1389280853271484,litqsmall_00018
3,5,"(49.73282119812751, -196.3464464195344, 18.420659980310575)","(313, 209, 219, 14, 15, 5)",5.744221644914845,11.48844328982969,0.4696414642333984,litqsmall_00018
3,6,"(10.392598260309285, -164.64649444265464, 20.040218392598263)","(257, 258, 220, 12, 9, 4)",4.884112034099269,9.768224068198538,0.18443409729003907,litqsmall_00018
